Author_ID,BookID
415,34591
268,34592
110,34593
179,34594
544,34595
430,34596
302,34597
451,34598
436,34599
235,34600
282,34601
494,34602
116,34603
114,34604
389,34605
335,34606
335,34607
335,34608
335,34609
335,34610
335,34611
335,34612
516,34613
308,34614
133,34615
441,34616
369,34617
494,34618
467,34619
170,34620
459,34621
321,34622
353,34623
314,34624
136,34625
136,34626
235,34627
505,34628
505,34629
543,34630
543,34631
127,34632
288,34633
562,34634
481,34635
114,34636
135,34637
135,34638
505,34639
133,34640
232,34641
286,34642
435,34643
361,34644
170,34645
562,34646
562,34647
562,34648
562,34649
562,34650
562,34651
562,34652
562,34653
562,34654
562,34655
562,34656
562,34657
562,34658
562,34659
494,34660
562,34661
516,34662
321,34663
503,34664
562,34665
335,34666
282,34667
117,34668
266,34669
232,34670
562,34671
562,34672
562,34673
236,34674
451,34675
451,34676
224,34677
515,34678
588,34679
599,34680
133,34681
586,34682
450,34683
441,34684
489,34685
309,34686
505,34687
524,34688
576,34689
248,34690
570,34691
428,34692
554,34693
474,34694
489,34695
445,34696
445,34697
445,34698
445,34699
354,34700
524,34701
524,34702
594,34703
389,34704
412,34705
465,34706
489,34707
179,34708
515,34709
321,34710
305,34711
126,34712
410,34713
325,34714
542,34715
581,34716
595,34717
519,34718
452,34719
496,34720
248,34721
471,34722
248,34723
113,34724
300,34725
563,34726
337,34727
573,34728
235,34729
321,34730
175,34731
322,34732
253,34733
235,34734
337,34735
305,34736
305,34737
305,34738
305,34739
305,34740
305,34741
305,34742
305,34743
305,34744
305,34745
305,34746
305,34747
305,34748
305,34749
305,34750
305,34751
305,34752
305,34753
305,34754
305,34755
305,34756
305,34757
305,34758
305,34759
305,34760
305,34761
305,34762
305,34763
305,34764
305,34765
305,34766
305,34767
305,34768
305,34769
305,34770
489,34771
489,34772
375,34773
594,34774
505,34775
494,34776
494,34777
494,34778
562,34779
478,34780
335,34781
335,34782
167,34783
335,34784
286,34785
389,34786
335,34787
335,34788
343,34789
308,34790
451,34791
538,34792
321,34793
321,34794
445,34795
562,34796
267,34797
105,34798
594,34799
335,34800
248,34801
474,34802
451,34803
533,34804
187,34805
197,34806
320,34807
362,34808
237,34809
305,34810
494,34811
489,34812
375,34813
529,34814
389,34815
505,34816
321,34817
580,34818
494,34819
489,34820
295,34821
247,34822
496,34823
135,34824
435,34825
267,34826
268,34827
336,34828
308,34829
135,34830
135,34831
505,34832
249,34833
109,34834
429,34835
459,34836
362,34837
595,34838
505,34839
170,34840
538,34841
488,34842
135,34843
516,34844
340,34845
384,34846
103,34847
514,34848
489,34849
489,34850
489,34851
489,34852
489,34853
489,34854
489,34855
489,34856
489,34857
410,34858
283,34859
283,34860
235,34861
540,34862
519,34863
594,34864
370,34865
370,34866
489,34867
563,34868
562,34869
562,34870
435,34871
515,34872
480,34873
305,34874
435,34875
116,34876
171,34877
210,34878
590,34879
305,34880
321,34881
563,34882
505,34883
135,34884
586,34885
348,34886
388,34887
489,34888
471,34889
361,34890
305,34891
500,34892
346,34893
562,34894
388,34895
111,34896
328,34897
556,34898
384,34899
280,34900
392,34901
300,34902
273,34903
162,34904
152,34905
489,34906
235,34907
232,34908
335,34909
563,34910
399,34911
371,34912
318,34913
162,34914
162,34915
480,34916
489,34917
489,34918
110,34919
489,34920
235,34921
388,34922
388,34923
515,34924
300,34925
310,34926
222,34927
219,34928
414,34929
414,34930
375,34931
389,34932
414,34933
414,34934
414,34935
256,34936
562,34937
550,34938
465,34939
116,34940
480,34941
531,34942
389,34943
362,34944
489,34945
171,34946
494,34947
599,34948
599,34949
563,34950
563,34951
563,34952
384,34953
384,34954
415,34955
563,34956
594,34957
489,34958
389,34959
321,34960
489,34961
489,34962
301,34963
327,34964
113,34965
562,34966
562,34967
599,34968
116,34969
335,34970
562,34971
158,34972
494,34973
261,34974
293,34975
453,34976
389,34977
430,34978
301,34979
494,34980
210,34981
539,34982
508,34983
248,34984
576,34985
362,34986
563,34987
384,34988
566,34989
170,34990
318,34991
563,34992
560,34993
594,34994
212,34995
580,34996
580,34997
362,34998
594,34999
494,35000
436,35001
185,35002
316,35003
500,35004
384,35005
187,35006
435,35007
435,35008
321,35009
305,35010
392,35011
451,35012
447,35013
489,35014
529,35015
508,35016
300,35017
444,35018
488,35019
595,35020
251,35021
489,35022
445,35023
179,35024
424,35025
268,35026
156,35027
156,35028
156,35029
156,35030
156,35031
355,35032
562,35033
562,35034
562,35035
156,35036
562,35037
562,35038
156,35039
562,35040
562,35041
562,35042
562,35043
208,35044
599,35045
235,35046
235,35047
489,35048
404,35049
389,35050
301,35051
451,35052
562,35053
562,35054
562,35055
562,35056
582,35057
248,35058
410,35059
556,35060
451,35061
242,35062
453,35063
226,35064
480,35065
359,35066
305,35067
382,35068
273,35069
500,35070
321,35071
321,35072
321,35073
505,35074
542,35075
277,35076
480,35077
389,35078
488,35079
355,35080
116,35081
315,35082
415,35083
184,35084
599,35085
116,35086
514,35087
542,35088
556,35089
102,35090
392,35091
175,35092
562,35093
136,35094
515,35095
414,35096
494,35097
489,35098
232,35099
494,35100
249,35101
489,35102
505,35103
321,35104
232,35105
508,35106
494,35107
494,35108
489,35109
460,35110
447,35111
226,35112
493,35113
415,35114
489,35115
301,35116
254,35117
169,35118
310,35119
239,35120
239,35121
102,35122
355,35123
183,35124
248,35125
235,35126
575,35127
248,35128
563,35129
362,35130
489,35131
562,35132
562,35133
562,35134
562,35135
562,35136
562,35137
562,35138
562,35139
562,35140
562,35141
562,35142
562,35143
562,35144
562,35145
562,35146
562,35147
562,35148
562,35149
562,35150
562,35151
562,35152
562,35153
562,35154
562,35155
562,35156
562,35157
562,35158
305,35159
305,35160
245,35161
305,35162
305,35163
305,35164
305,35165
305,35166
305,35167
539,35168
170,35169
256,35170
563,35171
315,35172
539,35173
539,35174
375,35175
116,35176
489,35177
183,35178
183,35179
244,35180
489,35181
415,35182
321,35183
301,35184
415,35185
451,35186
116,35187
235,35188
369,35189
349,35190
369,35191
369,35192
369,35193
369,35194
273,35195
152,35196
398,35197
472,35198
551,35199
580,35200
514,35201
305,35202
392,35203
362,35204
386,35205
489,35206
563,35207
474,35208
563,35209
321,35210
305,35211
580,35212
580,35213
580,35214
580,35215
474,35216
282,35217
506,35218
506,35219
503,35220
156,35221
506,35222
415,35223
170,35224
558,35225
558,35226
515,35227
135,35228
310,35229
252,35230
302,35231
451,35232
563,35233
563,35234
563,35235
563,35236
563,35237
563,35238
563,35239
563,35240
563,35241
563,35242
563,35243
563,35244
563,35245
563,35246
563,35247
563,35248
563,35249
563,35250
563,35251
483,35252
563,35253
563,35254
563,35255
563,35256
563,35257
563,35258
563,35259
563,35260
445,35261
445,35262
239,35263
445,35264
445,35265
445,35266
445,35267
445,35268
445,35269
445,35270
445,35271
445,35272
445,35273
445,35274
445,35275
445,35276
445,35277
445,35278
445,35279
445,35280
445,35281
445,35282
445,35283
445,35284
445,35285
445,35286
445,35287
445,35288
445,35289
445,35290
445,35291
445,35292
445,35293
445,35294
445,35295
445,35296
445,35297
445,35298
445,35299
445,35300
445,35301
445,35302
500,35303
445,35304
445,35305
445,35306
445,35307
445,35308
445,35309
445,35310
445,35311
445,35312
445,35313
445,35314
445,35315
445,35316
445,35317
445,35318
445,35319
445,35320
445,35321
445,35322
445,35323
445,35324
445,35325
445,35326
445,35327
445,35328
445,35329
445,35330
445,35331
445,35332
445,35333
445,35334
445,35335
445,35336
445,35337
445,35338
445,35339
445,35340
445,35341
563,35342
563,35343
599,35344
563,35345
563,35346
563,35347
563,35348
563,35349
563,35350
563,35351
580,35352
580,35353
580,35354
580,35355
580,35356
580,35357
580,35358
580,35359
580,35360
580,35361
580,35362
580,35363
580,35364
301,35365
580,35366
580,35367
580,35368
580,35369
580,35370
580,35371
580,35372
580,35373
580,35374
580,35375
580,35376
412,35377
580,35378
580,35379
580,35380
580,35381
580,35382
580,35383
580,35384
580,35385
580,35386
580,35387
580,35388
580,35389
580,35390
580,35391
580,35392
580,35393
580,35394
580,35395
580,35396
580,35397
580,35398
580,35399
580,35400
580,35401
580,35402
580,35403
580,35404
580,35405
580,35406
580,35407
580,35408
580,35409
580,35410
580,35411
308,35412
515,35413
156,35414
445,35415
562,35416
563,35417
144,35418
532,35419
532,35420
247,35421
515,35422
515,35423
453,35424
480,35425
235,35426
343,35427
505,35428
396,35429
235,35430
494,35431
108,35432
152,35433
385,35434
532,35435
305,35436
305,35437
244,35438
197,35439
244,35440
412,35441
563,35442
244,35443
244,35444
563,35445
208,35446
170,35447
563,35448
448,35449
451,35450
480,35451
117,35452
255,35453
450,35454
216,35455
563,35456
322,35457
480,35458
480,35459
178,35460
476,35461
248,35462
453,35463
453,35464
508,35465
453,35466
453,35467
453,35468
116,35469
594,35470
415,35471
470,35472
443,35473
412,35474
471,35475
349,35476
116,35477
295,35478
248,35479
248,35480
505,35481
235,35482
196,35483
410,35484
562,35485
510,35486
295,35487
590,35488
312,35489
235,35490
445,35491
131,35492
501,35493
415,35494
197,35495
362,35496
191,35497
494,35498
562,35499
476,35500
267,35501
235,35502
235,35503
489,35504
538,35505
389,35506
136,35507
392,35508
392,35509
599,35510
362,35511
497,35512
467,35513
235,35514
220,35515
152,35516
260,35517
235,35518
295,35519
156,35520
400,35521
260,35522
389,35523
586,35524
489,35525
563,35526
116,35527
444,35528
269,35529
494,35530
269,35531
269,35532
269,35533
273,35534
273,35535
269,35536
269,35537
269,35538
269,35539
269,35540
489,35541
312,35542
116,35543
392,35544
312,35545
312,35546
503,35547
116,35548
489,35549
269,35550
269,35551
109,35552
269,35553
494,35554
392,35555
392,35556
392,35557
494,35558
494,35559
494,35560
392,35561
392,35562
392,35563
392,35564
494,35565
392,35566
392,35567
127,35568
392,35569
300,35570
116,35571
116,35572
236,35573
505,35574
304,35575
304,35576
290,35577
246,35578
215,35579
586,35580
304,35581
304,35582
300,35583
152,35584
304,35585
550,35586
304,35587
304,35588
304,35589
489,35590
568,35591
156,35592
515,35593
248,35594
304,35595
410,35596
391,35597
474,35598
474,35599
494,35600
248,35601
590,35602
235,35603
362,35604
156,35605
580,35606
445,35607
116,35608
453,35609
575,35610
576,35611
576,35612
576,35613
576,35614
576,35615
576,35616
576,35617
576,35618
576,35619
362,35620
248,35621
117,35622
248,35623
587,35624
563,35625
244,35626
235,35627
450,35628
248,35629
447,35630
447,35631
122,35632
551,35633
244,35634
199,35635
447,35636
447,35637
308,35638
170,35639
114,35640
430,35641
447,35642
563,35643
235,35644
503,35645
310,35646
301,35647
468,35648
264,35649
580,35650
489,35651
235,35652
453,35653
152,35654
488,35655
135,35656
562,35657
372,35658
563,35659
355,35660
273,35661
354,35662
235,35663
555,35664
562,35665
108,35666
108,35667
108,35668
108,35669
108,35670
355,35671
377,35672
489,35673
489,35674
404,35675
489,35676
574,35677
595,35678
538,35679
493,35680
562,35681
489,35682
494,35683
494,35684
339,35685
339,35686
494,35687
494,35688
473,35689
273,35690
273,35691
145,35692
145,35693
145,35694
145,35695
321,35696
321,35697
367,35698
367,35699
355,35700
138,35701
355,35702
321,35703
237,35704
563,35705
235,35706
489,35707
321,35708
426,35709
477,35710
362,35711
300,35712
488,35713
183,35714
580,35715
321,35716
321,35717
447,35718
116,35719
111,35720
349,35721
599,35722
300,35723
552,35724
116,35725
289,35726
410,35727
451,35728
327,35729
539,35730
467,35731
116,35732
489,35733
467,35734
205,35735
375,35736
248,35737
451,35738
220,35739
257,35740
111,35741
580,35742
103,35743
467,35744
542,35745
392,35746
442,35747
448,35748
389,35749
295,35750
511,35751
135,35752
116,35753
328,35754
461,35755
305,35756
235,35757
380,35758
415,35759
562,35760
594,35761
113,35762
562,35763
382,35764
563,35765
593,35766
515,35767
575,35768
526,35769
402,35770
362,35771
516,35772
459,35773
590,35774
562,35775
255,35776
255,35777
255,35778
255,35779
255,35780
415,35781
361,35782
361,35783
538,35784
594,35785
494,35786
494,35787
571,35788
571,35789
326,35790
209,35791
209,35792
209,35793
209,35794
209,35795
209,35796
209,35797
321,35798
465,35799
119,35800
226,35801
562,35802
562,35803
489,35804
562,35805
562,35806
562,35807
562,35808
375,35809
410,35810
489,35811
412,35812
489,35813
313,35814
550,35815
267,35816
594,35817
594,35818
226,35819
406,35820
467,35821
594,35822
594,35823
466,35824
550,35825
244,35826
305,35827
594,35828
327,35829
594,35830
362,35831
415,35832
124,35833
494,35834
337,35835
305,35836
451,35837
327,35838
594,35839
594,35840
451,35841
435,35842
456,35843
362,35844
385,35845
369,35846
295,35847
327,35848
489,35849
467,35850
362,35851
467,35852
489,35853
594,35854
594,35855
594,35856
248,35857
563,35858
511,35859
594,35860
232,35861
163,35862
170,35863
235,35864
362,35865
563,35866
563,35867
149,35868
225,35869
493,35870
488,35871
156,35872
515,35873
504,35874
471,35875
321,35876
321,35877
441,35878
207,35879
563,35880
249,35881
282,35882
550,35883
378,35884
467,35885
410,35886
170,35887
156,35888
328,35889
350,35890
287,35891
370,35892
244,35893
489,35894
588,35895
300,35896
362,35897
489,35898
451,35899
315,35900
384,35901
245,35902
460,35903
489,35904
517,35905
494,35906
488,35907
415,35908
415,35909
415,35910
304,35911
436,35912
488,35913
415,35914
250,35915
555,35916
489,35917
489,35918
489,35919
489,35920
415,35921
415,35922
415,35923
415,35924
415,35925
415,35926
415,35927
415,35928
415,35929
415,35930
415,35931
415,35932
550,35933
135,35934
516,35935
187,35936
315,35937
415,35938
503,35939
594,35940
415,35941
488,35942
415,35943
563,35944
488,35945
305,35946
336,35947
555,35948
489,35949
208,35950
310,35951
187,35952
112,35953
208,35954
415,35955
415,35956
415,35957
301,35958
415,35959
415,35960
542,35961
415,35962
321,35963
415,35964
355,35965
248,35966
539,35967
505,35968
577,35969
285,35970
183,35971
453,35972
392,35973
529,35974
576,35975
576,35976
415,35977
563,35978
300,35979
563,35980
489,35981
389,35982
282,35983
282,35984
135,35985
122,35986
563,35987
271,35988
248,35989
563,35990
521,35991
222,35992
301,35993
187,35994
494,35995
494,35996
137,35997
580,35998
580,35999
580,36000
580,36001
580,36002
580,36003
580,36004
580,36005
580,36006
580,36007
580,36008
580,36009
580,36010
371,36011
580,36012
580,36013
580,36014
580,36015
580,36016
580,36017
580,36018
580,36019
580,36020
580,36021
563,36022
563,36023
563,36024
563,36025
563,36026
563,36027
410,36028
563,36029
563,36030
563,36031
563,36032
563,36033
563,36034
563,36035
563,36036
563,36037
563,36038
563,36039
563,36040
529,36041
563,36042
563,36043
563,36044
563,36045
505,36046
304,36047
389,36048
304,36049
304,36050
371,36051
539,36052
154,36053
297,36054
411,36055
251,36056
411,36057
116,36058
375,36059
563,36060
515,36061
515,36062
515,36063
415,36064
415,36065
505,36066
179,36067
308,36068
308,36069
308,36070
308,36071
308,36072
308,36073
308,36074
308,36075
308,36076
308,36077
308,36078
140,36079
308,36080
308,36081
308,36082
308,36083
308,36084
308,36085
308,36086
308,36087
186,36088
308,36089
308,36090
308,36091
308,36092
308,36093
308,36094
308,36095
308,36096
308,36097
308,36098
308,36099
308,36100
308,36101
308,36102
308,36103
308,36104
308,36105
308,36106
308,36107
308,36108
308,36109
308,36110
308,36111
308,36112
308,36113
308,36114
308,36115
308,36116
269,36117
195,36118
447,36119
447,36120
590,36121
590,36122
590,36123
590,36124
590,36125
590,36126
590,36127
590,36128
590,36129
590,36130
590,36131
590,36132
590,36133
590,36134
590,36135
590,36136
590,36137
590,36138
590,36139
590,36140
590,36141
590,36142
590,36143
590,36144
590,36145
590,36146
590,36147
590,36148
590,36149
590,36150
590,36151
590,36152
590,36153
590,36154
590,36155
590,36156
590,36157
590,36158
590,36159
590,36160
590,36161
590,36162
590,36163
590,36164
590,36165
590,36166
590,36167
590,36168
590,36169
445,36170
451,36171
384,36172
162,36173
116,36174
230,36175
489,36176
260,36177
489,36178
140,36179
567,36180
395,36181
450,36182
227,36183
453,36184
556,36185
556,36186
556,36187
556,36188
556,36189
556,36190
556,36191
556,36192
556,36193
556,36194
556,36195
556,36196
556,36197
556,36198
556,36199
556,36200
556,36201
556,36202
556,36203
556,36204
556,36205
556,36206
556,36207
556,36208
556,36209
556,36210
556,36211
556,36212
556,36213
556,36214
556,36215
556,36216
556,36217
556,36218
562,36219
556,36220
556,36221
556,36222
556,36223
556,36224
556,36225
556,36226
556,36227
556,36228
556,36229
556,36230
556,36231
556,36232
556,36233
556,36234
556,36235
556,36236
556,36237
322,36238
556,36239
253,36240
556,36241
556,36242
556,36243
562,36244
556,36245
556,36246
562,36247
556,36248
556,36249
183,36250
556,36251
556,36252
556,36253
556,36254
556,36255
556,36256
556,36257
556,36258
556,36259
556,36260
556,36261
556,36262
556,36263
556,36264
556,36265
451,36266
556,36267
556,36268
556,36269
556,36270
556,36271
556,36272
556,36273
556,36274
556,36275
556,36276
556,36277
556,36278
556,36279
556,36280
556,36281
556,36282
556,36283
556,36284
235,36285
556,36286
556,36287
556,36288
556,36289
556,36290
556,36291
556,36292
556,36293
556,36294
556,36295
556,36296
556,36297
556,36298
556,36299
556,36300
556,36301
556,36302
154,36303
556,36304
556,36305
556,36306
556,36307
556,36308
556,36309
556,36310
556,36311
556,36312
556,36313
556,36314
556,36315
556,36316
556,36317
556,36318
556,36319
556,36320
556,36321
556,36322
556,36323
556,36324
556,36325
556,36326
556,36327
556,36328
556,36329
556,36330
556,36331
452,36332
556,36333
556,36334
556,36335
556,36336
556,36337
556,36338
556,36339
556,36340
445,36341
556,36342
556,36343
556,36344
556,36345
556,36346
556,36347
556,36348
556,36349
556,36350
556,36351
556,36352
556,36353
556,36354
556,36355
556,36356
415,36357
556,36358
556,36359
556,36360
484,36361
556,36362
556,36363
556,36364
556,36365
369,36366
556,36367
556,36368
556,36369
556,36370
556,36371
556,36372
556,36373
556,36374
556,36375
556,36376
556,36377
556,36378
556,36379
556,36380
556,36381
556,36382
556,36383
556,36384
556,36385
556,36386
556,36387
556,36388
556,36389
556,36390
556,36391
556,36392
556,36393
556,36394
556,36395
556,36396
556,36397
556,36398
556,36399
556,36400
445,36401
556,36402
556,36403
556,36404
556,36405
556,36406
556,36407
556,36408
556,36409
556,36410
556,36411
556,36412
556,36413
556,36414
556,36415
556,36416
556,36417
556,36418
556,36419
556,36420
556,36421
556,36422
556,36423
556,36424
556,36425
556,36426
556,36427
556,36428
556,36429
556,36430
556,36431
556,36432
556,36433
556,36434
556,36435
556,36436
556,36437
556,36438
556,36439
556,36440
556,36441
556,36442
556,36443
556,36444
556,36445
556,36446
556,36447
556,36448
556,36449
556,36450
556,36451
361,36452
556,36453
556,36454
556,36455
556,36456
556,36457
556,36458
556,36459
556,36460
292,36461
556,36462
556,36463
556,36464
556,36465
556,36466
253,36467
253,36468
348,36469
253,36470
441,36471
187,36472
187,36473
187,36474
514,36475
590,36476
588,36477
489,36478
462,36479
375,36480
587,36481
369,36482
362,36483
504,36484
599,36485
410,36486
385,36487
210,36488
385,36489
366,36490
429,36491
413,36492
249,36493
558,36494
385,36495
447,36496
105,36497
116,36498
479,36499
312,36500
599,36501
248,36502
567,36503
415,36504
101,36505
480,36506
235,36507
563,36508
115,36509
235,36510
304,36511
375,36512
467,36513
494,36514
563,36515
116,36516
563,36517
563,36518
563,36519
563,36520
563,36521
403,36522
563,36523
217,36524
459,36525
392,36526
489,36527
224,36528
586,36529
388,36530
520,36531
224,36532
312,36533
586,36534
461,36535
251,36536
159,36537
152,36538
210,36539
362,36540
505,36541
122,36542
310,36543
595,36544
171,36545
594,36546
301,36547
230,36548
562,36549
326,36550
369,36551
301,36552
301,36553
301,36554
301,36555
301,36556
301,36557
301,36558
301,36559
301,36560
301,36561
301,36562
489,36563
301,36564
301,36565
511,36566
110,36567
310,36568
595,36569
224,36570
556,36571
489,36572
362,36573
362,36574
556,36575
466,36576
599,36577
556,36578
556,36579
556,36580
480,36581
556,36582
465,36583
194,36584
575,36585
556,36586
445,36587
539,36588
389,36589
515,36590
385,36591
116,36592
170,36593
489,36594
326,36595
515,36596
589,36597
248,36598
563,36599
248,36600
256,36601
524,36602
450,36603
332,36604
187,36605
321,36606
586,36607
489,36608
235,36609
187,36610
304,36611
296,36612
451,36613
111,36614
113,36615
489,36616
450,36617
384,36618
349,36619
349,36620
563,36621
255,36622
435,36623
533,36624
489,36625
494,36626
494,36627
500,36628
459,36629
489,36630
459,36631
300,36632
450,36633
223,36634
350,36635
304,36636
441,36637
445,36638
594,36639
489,36640
563,36641
248,36642
111,36643
403,36644
580,36645
489,36646
376,36647
116,36648
215,36649
441,36650
116,36651
489,36652
300,36653
228,36654
580,36655
555,36656
300,36657
244,36658
301,36659
116,36660
318,36661
301,36662
563,36663
194,36664
594,36665
508,36666
538,36667
164,36668
156,36669
478,36670
224,36671
489,36672
160,36673
133,36674
232,36675
489,36676
508,36677
508,36678
559,36679
244,36680
441,36681
145,36682
594,36683
235,36684
447,36685
123,36686
226,36687
505,36688
226,36689
226,36690
215,36691
280,36692
415,36693
301,36694
392,36695
505,36696
435,36697
594,36698
594,36699
562,36700
235,36701
578,36702
489,36703
242,36704
335,36705
133,36706
435,36707
562,36708
494,36709
451,36710
389,36711
145,36712
145,36713
539,36714
515,36715
137,36716
415,36717
415,36718
415,36719
489,36720
489,36721
415,36722
389,36723
388,36724
341,36725
559,36726
525,36727
415,36728
248,36729
451,36730
556,36731
489,36732
113,36733
130,36734
508,36735
542,36736
236,36737
390,36738
288,36739
235,36740
489,36741
489,36742
489,36743
586,36744
110,36745
563,36746
387,36747
489,36748
524,36749
232,36750
384,36751
542,36752
505,36753
580,36754
542,36755
375,36756
389,36757
235,36758
354,36759
580,36760
388,36761
491,36762
563,36763
305,36764
356,36765
430,36766
267,36767
524,36768
505,36769
116,36770
389,36771
389,36772
389,36773
595,36774
369,36775
563,36776
280,36777
301,36778
355,36779
480,36780
420,36781
235,36782
542,36783
272,36784
235,36785
208,36786
419,36787
419,36788
419,36789
542,36790
562,36791
562,36792
562,36793
562,36794
562,36795
562,36796
562,36797
562,36798
562,36799
562,36800
562,36801
562,36802
562,36803
562,36804
562,36805
562,36806
562,36807
562,36808
562,36809
562,36810
562,36811
410,36812
572,36813
267,36814
451,36815
274,36816
414,36817
600,36818
274,36819
576,36820
187,36821
187,36822
187,36823
235,36824
505,36825
594,36826
145,36827
251,36828
127,36829
463,36830
429,36831
110,36832
494,36833
486,36834
489,36835
321,36836
583,36837
235,36838
451,36839
594,36840
454,36841
445,36842
247,36843
247,36844
244,36845
594,36846
489,36847
435,36848
494,36849
494,36850
244,36851
328,36852
248,36853
429,36854
156,36855
230,36856
524,36857
489,36858
415,36859
489,36860
226,36861
563,36862
563,36863
580,36864
562,36865
362,36866
415,36867
117,36868
489,36869
563,36870
452,36871
362,36872
152,36873
562,36874
595,36875
489,36876
480,36877
321,36878
305,36879
117,36880
305,36881
242,36882
445,36883
255,36884
489,36885
489,36886
489,36887
415,36888
494,36889
111,36890
409,36891
369,36892
524,36893
187,36894
576,36895
576,36896
576,36897
576,36898
197,36899
179,36900
563,36901
366,36902
556,36903
460,36904
170,36905
321,36906
494,36907
447,36908
514,36909
460,36910
460,36911
480,36912
429,36913
429,36914
594,36915
301,36916
489,36917
489,36918
305,36919
191,36920
445,36921
382,36922
429,36923
429,36924
145,36925
510,36926
145,36927
563,36928
514,36929
318,36930
369,36931
361,36932
467,36933
289,36934
280,36935
289,36936
532,36937
412,36938
114,36939
114,36940
114,36941
114,36942
232,36943
114,36944
114,36945
114,36946
403,36947
503,36948
389,36949
403,36950
515,36951
556,36952
489,36953
384,36954
156,36955
156,36956
599,36957
304,36958
489,36959
237,36960
403,36961
235,36962
562,36963
437,36964
183,36965
374,36966
562,36967
563,36968
183,36969
563,36970
349,36971
349,36972
524,36973
474,36974
598,36975
135,36976
235,36977
235,36978
235,36979
327,36980
356,36981
295,36982
563,36983
388,36984
515,36985
515,36986
310,36987
515,36988
116,36989
384,36990
355,36991
355,36992
447,36993
335,36994
399,36995
399,36996
450,36997
152,36998
152,36999
563,37000
236,37001
267,37002
116,37003
116,37004
244,37005
200,37006
459,37007
187,37008
489,37009
489,37010
489,37011
489,37012
489,37013
371,37014
208,37015
594,37016
357,37017
539,37018
414,37019
480,37020
243,37021
562,37022
562,37023
361,37024
562,37025
562,37026
562,37027
562,37028
562,37029
188,37030
170,37031
300,37032
328,37033
235,37034
494,37035
350,37036
113,37037
505,37038
321,37039
321,37040
321,37041
321,37042
242,37043
450,37044
321,37045
508,37046
412,37047
197,37048
538,37049
588,37050
562,37051
576,37052
563,37053
562,37054
235,37055
489,37056
305,37057
385,37058
562,37059
562,37060
562,37061
562,37062
563,37063
562,37064
562,37065
562,37066
562,37067
562,37068
187,37069
116,37070
451,37071
444,37072
489,37073
114,37074
573,37075
310,37076
318,37077
232,37078
206,37079
370,37080
154,37081
327,37082
599,37083
137,37084
556,37085
503,37086
318,37087
516,37088
314,37089
474,37090
590,37091
474,37092
489,37093
474,37094
263,37095
419,37096
567,37097
430,37098
321,37099
321,37100
321,37101
218,37102
129,37103
361,37104
361,37105
496,37106
282,37107
441,37108
599,37109
385,37110
103,37111
410,37112
489,37113
489,37114
575,37115
599,37116
575,37117
450,37118
267,37119
182,37120
489,37121
599,37122
389,37123
362,37124
502,37125
127,37126
424,37127
232,37128
335,37129
268,37130
435,37131
435,37132
435,37133
563,37134
362,37135
571,37136
187,37137
280,37138
360,37139
489,37140
451,37141
235,37142
196,37143
235,37144
235,37145
235,37146
235,37147
235,37148
235,37149
235,37150
235,37151
590,37152
235,37153
235,37154
489,37155
369,37156
187,37157
232,37158
480,37159
248,37160
170,37161
562,37162
429,37163
452,37164
562,37165
496,37166
476,37167
260,37168
109,37169
505,37170
226,37171
245,37172
260,37173
122,37174
489,37175
156,37176
562,37177
156,37178
504,37179
273,37180
135,37181
500,37182
236,37183
245,37184
595,37185
474,37186
322,37187
334,37188
360,37189
599,37190
173,37191
171,37192
563,37193
127,37194
599,37195
494,37196
459,37197
462,37198
131,37199
379,37200
143,37201
505,37202
373,37203
436,37204
509,37205
494,37206
513,37207
470,37208
470,37209
247,37210
470,37211
470,37212
470,37213
562,37214
562,37215
252,37216
591,37217
562,37218
555,37219
562,37220
522,37221
522,37222
283,37223
135,37224
321,37225
145,37226
145,37227
505,37228
562,37229
585,37230
580,37231
321,37232
494,37233
530,37234
480,37235
235,37236
480,37237
569,37238
371,37239
569,37240
569,37241
599,37242
479,37243
479,37244
361,37245
494,37246
569,37247
321,37248
569,37249
198,37250
321,37251
569,37252
496,37253
187,37254
362,37255
459,37256
368,37257
489,37258
464,37259
336,37260
321,37261
563,37262
321,37263
152,37264
267,37265
283,37266
110,37267
301,37268
116,37269
139,37270
489,37271
489,37272
252,37273
252,37274
335,37275
252,37276
252,37277
289,37278
389,37279
146,37280
336,37281
517,37282
335,37283
559,37284
559,37285
467,37286
539,37287
526,37288
240,37289
153,37290
251,37291
267,37292
412,37293
264,37294
563,37295
563,37296
181,37297
255,37298
226,37299
208,37300
504,37301
586,37302
599,37303
421,37304
183,37305
156,37306
494,37307
295,37308
305,37309
254,37310
489,37311
244,37312
538,37313
256,37314
595,37315
156,37316
562,37317
505,37318
600,37319
519,37320
323,37321
563,37322
515,37323
562,37324
562,37325
556,37326
131,37327
170,37328
551,37329
599,37330
494,37331
248,37332
586,37333
586,37334
494,37335
135,37336
453,37337
183,37338
170,37339
539,37340
231,37341
459,37342
580,37343
476,37344
505,37345
248,37346
369,37347
567,37348
310,37349
494,37350
389,37351
450,37352
273,37353
494,37354
489,37355
127,37356
321,37357
357,37358
459,37359
351,37360
451,37361
515,37362
568,37363
505,37364
113,37365
156,37366
389,37367
447,37368
503,37369
451,37370
275,37371
381,37372
500,37373
152,37374
505,37375
384,37376
494,37377
494,37378
494,37379
436,37380
494,37381
321,37382
362,37383
331,37384
137,37385
430,37386
301,37387
201,37388
116,37389
567,37390
179,37391
567,37392
350,37393
291,37394
382,37395
489,37396
489,37397
489,37398
459,37399
369,37400
369,37401
500,37402
328,37403
135,37404
135,37405
282,37406
392,37407
126,37408
356,37409
274,37410
301,37411
328,37412
508,37413
350,37414
375,37415
226,37416
232,37417
489,37418
276,37419
524,37420
305,37421
156,37422
260,37423
531,37424
531,37425
273,37426
595,37427
420,37428
579,37429
586,37430
515,37431
599,37432
511,37433
353,37434
511,37435
183,37436
355,37437
449,37438
392,37439
305,37440
289,37441
137,37442
447,37443
508,37444
364,37445
580,37446
364,37447
568,37448
568,37449
568,37450
568,37451
568,37452
135,37453
232,37454
145,37455
145,37456
145,37457
447,37458
362,37459
447,37460
453,37461
355,37462
355,37463
364,37464
447,37465
364,37466
494,37467
137,37468
599,37469
599,37470
222,37471
135,37472
518,37473
527,37474
397,37475
244,37476
267,37477
230,37478
355,37479
551,37480
355,37481
355,37482
170,37483
283,37484
595,37485
196,37486
541,37487
286,37488
286,37489
384,37490
403,37491
257,37492
170,37493
170,37494
170,37495
170,37496
183,37497
494,37498
111,37499
226,37500
480,37501
257,37502
113,37503
113,37504
405,37505
355,37506
135,37507
593,37508
152,37509
282,37510
300,37511
367,37512
389,37513
542,37514
232,37515
399,37516
505,37517
489,37518
576,37519
489,37520
116,37521
319,37522
599,37523
599,37524
422,37525
136,37526
113,37527
256,37528
355,37529
268,37530
154,37531
232,37532
516,37533
375,37534
465,37535
505,37536
104,37537
267,37538
496,37539
133,37540
337,37541
562,37542
563,37543
282,37544
555,37545
159,37546
417,37547
353,37548
505,37549
244,37550
351,37551
135,37552
311,37553
556,37554
249,37555
122,37556
595,37557
245,37558
251,37559
388,37560
563,37561
597,37562
595,37563
103,37564
563,37565
289,37566
392,37567
362,37568
508,37569
441,37570
515,37571
259,37572
358,37573
599,37574
599,37575
599,37576
389,37577
563,37578
370,37579
134,37580
135,37581
489,37582
489,37583
241,37584
393,37585
539,37586
110,37587
594,37588
575,37589
116,37590
459,37591
529,37592
375,37593
251,37594
580,37595
563,37596
467,37597
171,37598
135,37599
135,37600
389,37601
550,37602
232,37603
232,37604
232,37605
187,37606
575,37607
388,37608
388,37609
388,37610
388,37611
388,37612
388,37613
388,37614
388,37615
388,37616
388,37617
388,37618
388,37619
388,37620
388,37621
388,37622
388,37623
388,37624
388,37625
388,37626
388,37627
388,37628
388,37629
388,37630
388,37631
388,37632
152,37633
354,37634
459,37635
563,37636
183,37637
113,37638
120,37639
445,37640
489,37641
301,37642
489,37643
489,37644
489,37645
489,37646
156,37647
235,37648
524,37649
235,37650
248,37651
135,37652
489,37653
144,37654
561,37655
300,37656
489,37657
116,37658
563,37659
321,37660
450,37661
321,37662
562,37663
445,37664
563,37665
489,37666
283,37667
321,37668
367,37669
555,37670
226,37671
295,37672
300,37673
140,37674
562,37675
248,37676
389,37677
260,37678
567,37679
208,37680
415,37681
251,37682
563,37683
343,37684
437,37685
503,37686
187,37687
103,37688
355,37689
489,37690
563,37691
222,37692
459,37693
489,37694
322,37695
489,37696
384,37697
480,37698
480,37699
345,37700
389,37701
389,37702
197,37703
321,37704
515,37705
222,37706
273,37707
134,37708
505,37709
375,37710
411,37711
335,37712
235,37713
515,37714
327,37715
562,37716
116,37717
415,37718
389,37719
451,37720
389,37721
563,37722
384,37723
268,37724
356,37725
356,37726
356,37727
384,37728
235,37729
576,37730
451,37731
563,37732
445,37733
515,37734
489,37735
110,37736
384,37737
136,37738
214,37739
200,37740
232,37741
127,37742
539,37743
127,37744
501,37745
415,37746
309,37747
196,37748
580,37749
171,37750
378,37751
504,37752
228,37753
562,37754
235,37755
392,37756
127,37757
384,37758
489,37759
503,37760
208,37761
451,37762
515,37763
135,37764
562,37765
562,37766
122,37767
595,37768
388,37769
503,37770
482,37771
170,37772
171,37773
135,37774
285,37775
261,37776
232,37777
451,37778
415,37779
197,37780
201,37781
108,37782
151,37783
268,37784
256,37785
310,37786
556,37787
169,37788
415,37789
480,37790
415,37791
355,37792
300,37793
268,37794
268,37795
304,37796
304,37797
127,37798
387,37799
304,37800
170,37801
489,37802
352,37803
318,37804
268,37805
109,37806
285,37807
500,37808
384,37809
136,37810
235,37811
563,37812
422,37813
445,37814
594,37815
590,37816
594,37817
562,37818
282,37819
595,37820
145,37821
145,37822
145,37823
145,37824
435,37825
145,37826
415,37827
496,37828
249,37829
452,37830
494,37831
494,37832
145,37833
576,37834
499,37835
327,37836
486,37837
357,37838
538,37839
129,37840
562,37841
384,37842
131,37843
208,37844
336,37845
232,37846
127,37847
374,37848
129,37849
369,37850
303,37851
389,37852
145,37853
505,37854
152,37855
301,37856
571,37857
345,37858
600,37859
235,37860
505,37861
503,37862
494,37863
563,37864
273,37865
350,37866
305,37867
116,37868
278,37869
133,37870
480,37871
187,37872
308,37873
300,37874
341,37875
137,37876
327,37877
563,37878
445,37879
445,37880
445,37881
445,37882
226,37883
445,37884
445,37885
232,37886
175,37887
329,37888
171,37889
300,37890
385,37891
445,37892
508,37893
580,37894
300,37895
152,37896
562,37897
371,37898
315,37899
488,37900
431,37901
116,37902
235,37903
305,37904
576,37905
576,37906
128,37907
489,37908
321,37909
575,37910
466,37911
594,37912
330,37913
149,37914
273,37915
370,37916
113,37917
244,37918
359,37919
242,37920
445,37921
466,37922
137,37923
489,37924
460,37925
555,37926
273,37927
451,37928
451,37929
451,37930
116,37931
451,37932
116,37933
116,37934
116,37935
369,37936
476,37937
327,37938
494,37939
280,37940
112,37941
594,37942
599,37943
599,37944
599,37945
599,37946
584,37947
293,37948
451,37949
515,37950
170,37951
494,37952
505,37953
156,37954
600,37955
505,37956
489,37957
505,37958
321,37959
489,37960
247,37961
494,37962
494,37963
494,37964
312,37965
494,37966
575,37967
301,37968
301,37969
301,37970
301,37971
301,37972
152,37973
516,37974
191,37975
385,37976
489,37977
489,37978
362,37979
252,37980
252,37981
135,37982
594,37983
563,37984
563,37985
563,37986
559,37987
505,37988
170,37989
310,37990
563,37991
565,37992
131,37993
388,37994
505,37995
535,37996
305,37997
526,37998
362,37999
248,38000
183,38001
388,38002
362,38003
388,38004
350,38005
562,38006
242,38007
321,38008
242,38009
489,38010
489,38011
489,38012
508,38013
156,38014
445,38015
136,38016
562,38017
429,38018
495,38019
538,38020
304,38021
156,38022
371,38023
362,38024
371,38025
259,38026
150,38027
350,38028
524,38029
389,38030
245,38031
599,38032
301,38033
489,38034
563,38035
321,38036
451,38037
171,38038
515,38039
208,38040
116,38041
208,38042
217,38043
156,38044
542,38045
480,38046
350,38047
350,38048
350,38049
350,38050
350,38051
350,38052
350,38053
480,38054
363,38055
375,38056
459,38057
435,38058
305,38059
305,38060
426,38061
126,38062
371,38063
371,38064
156,38065
232,38066
232,38067
550,38068
369,38069
415,38070
452,38071
333,38072
418,38073
460,38074
254,38075
318,38076
563,38077
563,38078
563,38079
389,38080
539,38081
310,38082
586,38083
113,38084
247,38085
452,38086
452,38087
154,38088
117,38089
554,38090
305,38091
436,38092
576,38093
524,38094
317,38095
137,38096
127,38097
222,38098
480,38099
289,38100
232,38101
230,38102
282,38103
263,38104
127,38105
301,38106
335,38107
335,38108
179,38109
210,38110
169,38111
242,38112
242,38113
362,38114
451,38115
390,38116
183,38117
577,38118
485,38119
183,38120
355,38121
327,38122
505,38123
242,38124
327,38125
594,38126
248,38127
389,38128
157,38129
500,38130
170,38131
147,38132
389,38133
537,38134
549,38135
133,38136
508,38137
576,38138
235,38139
388,38140
388,38141
388,38142
505,38143
234,38144
511,38145
511,38146
501,38147
324,38148
388,38149
102,38150
248,38151
488,38152
389,38153
300,38154
300,38155
489,38156
489,38157
594,38158
580,38159
135,38160
111,38161
333,38162
594,38163
563,38164
445,38165
526,38166
524,38167
302,38168
419,38169
508,38170
232,38171
337,38172
133,38173
135,38174
455,38175
508,38176
441,38177
220,38178
369,38179
508,38180
238,38181
511,38182
547,38183
235,38184
553,38185
116,38186
489,38187
467,38188
385,38189
232,38190
226,38191
403,38192
503,38193
335,38194
445,38195
235,38196
280,38197
563,38198
435,38199
562,38200
350,38201
435,38202
321,38203
127,38204
494,38205
586,38206
116,38207
451,38208
451,38209
451,38210
451,38211
451,38212
563,38213
170,38214
451,38215
244,38216
244,38217
244,38218
244,38219
503,38220
576,38221
459,38222
500,38223
503,38224
399,38225
597,38226
362,38227
362,38228
474,38229
494,38230
315,38231
494,38232
539,38233
505,38234
505,38235
374,38236
600,38237
194,38238
441,38239
562,38240
183,38241
453,38242
545,38243
447,38244
190,38245
375,38246
563,38247
414,38248
503,38249
489,38250
489,38251
110,38252
235,38253
419,38254
449,38255
116,38256
116,38257
437,38258
111,38259
403,38260
301,38261
301,38262
301,38263
362,38264
516,38265
305,38266
307,38267
385,38268
295,38269
156,38270
505,38271
516,38272
516,38273
516,38274
447,38275
308,38276
235,38277
362,38278
586,38279
232,38280
367,38281
512,38282
163,38283
452,38284
419,38285
145,38286
383,38287
538,38288
538,38289
538,38290
538,38291
538,38292
538,38293
538,38294
538,38295
538,38296
538,38297
538,38298
538,38299
361,38300
201,38301
314,38302
489,38303
489,38304
135,38305
489,38306
470,38307
170,38308
551,38309
392,38310
508,38311
114,38312
533,38313
152,38314
335,38315
515,38316
450,38317
362,38318
600,38319
450,38320
135,38321
178,38322
308,38323
563,38324
235,38325
489,38326
505,38327
156,38328
248,38329
300,38330
148,38331
480,38332
288,38333
335,38334
108,38335
260,38336
108,38337
309,38338
235,38339
305,38340
305,38341
295,38342
425,38343
192,38344
267,38345
179,38346
563,38347
205,38348
267,38349
489,38350
514,38351
441,38352
488,38353
444,38354
123,38355
255,38356
361,38357
155,38358
236,38359
563,38360
265,38361
515,38362
232,38363
232,38364
305,38365
171,38366
450,38367
515,38368
461,38369
308,38370
469,38371
301,38372
235,38373
252,38374
489,38375
489,38376
489,38377
489,38378
252,38379
489,38380
489,38381
389,38382
376,38383
503,38384
389,38385
452,38386
486,38387
419,38388
451,38389
451,38390
489,38391
170,38392
226,38393
467,38394
565,38395
565,38396
565,38397
586,38398
565,38399
475,38400
111,38401
133,38402
358,38403
310,38404
389,38405
362,38406
110,38407
305,38408
305,38409
189,38410
445,38411
111,38412
555,38413
489,38414
262,38415
248,38416
467,38417
137,38418
563,38419
110,38420
573,38421
588,38422
335,38423
434,38424
389,38425
428,38426
111,38427
536,38428
305,38429
172,38430
480,38431
264,38432
562,38433
242,38434
500,38435
489,38436
489,38437
562,38438
389,38439
328,38440
519,38441
136,38442
524,38443
135,38444
252,38445
384,38446
301,38447
548,38448
548,38449
505,38450
445,38451
335,38452
446,38453
226,38454
347,38455
156,38456
503,38457
237,38458
326,38459
403,38460
355,38461
389,38462
235,38463
235,38464
562,38465
451,38466
209,38467
177,38468
305,38469
532,38470
205,38471
494,38472
494,38473
318,38474
355,38475
533,38476
563,38477
232,38478
156,38479
176,38480
127,38481
238,38482
488,38483
337,38484
580,38485
197,38486
488,38487
284,38488
494,38489
273,38490
235,38491
524,38492
362,38493
489,38494
489,38495
489,38496
489,38497
489,38498
489,38499
489,38500
489,38501
489,38502
489,38503
489,38504
489,38505
489,38506
489,38507
489,38508
489,38509
489,38510
489,38511
489,38512
489,38513
489,38514
489,38515
489,38516
489,38517
422,38518
445,38519
443,38520
392,38521
384,38522
384,38523
384,38524
321,38525
321,38526
321,38527
321,38528
321,38529
321,38530
125,38531
208,38532
489,38533
352,38534
267,38535
362,38536
310,38537
295,38538
342,38539
369,38540
564,38541
529,38542
476,38543
476,38544
500,38545
435,38546
268,38547
242,38548
321,38549
494,38550
158,38551
210,38552
562,38553
523,38554
562,38555
468,38556
523,38557
523,38558
288,38559
288,38560
435,38561
448,38562
534,38563
361,38564
164,38565
343,38566
508,38567
519,38568
355,38569
162,38570
352,38571
235,38572
580,38573
481,38574
450,38575
113,38576
592,38577
252,38578
238,38579
546,38580
430,38581
599,38582
489,38583
489,38584
441,38585
451,38586
116,38587
450,38588
362,38589
145,38590
145,38591
121,38592
563,38593
494,38594
389,38595
494,38596
301,38597
489,38598
248,38599
304,38600
232,38601
232,38602
232,38603
590,38604
135,38605
161,38606
563,38607
113,38608
563,38609
459,38610
169,38611
187,38612
156,38613
137,38614
131,38615
135,38616
586,38617
494,38618
312,38619
414,38620
480,38621
197,38622
539,38623
539,38624
480,38625
154,38626
378,38627
171,38628
508,38629
361,38630
232,38631
441,38632
486,38633
321,38634
451,38635
113,38636
451,38637
562,38638
562,38639
562,38640
232,38641
562,38642
562,38643
562,38644
562,38645
299,38646
361,38647
441,38648
361,38649
305,38650
335,38651
268,38652
268,38653
268,38654
435,38655
133,38656
133,38657
133,38658
401,38659
515,38660
321,38661
282,38662
196,38663
403,38664
156,38665
489,38666
260,38667
387,38668
479,38669
384,38670
562,38671
517,38672
224,38673
516,38674
451,38675
235,38676
312,38677
312,38678
312,38679
312,38680
489,38681
489,38682
489,38683
489,38684
489,38685
489,38686
489,38687
144,38688
144,38689
459,38690
252,38691
562,38692
436,38693
137,38694
361,38695
444,38696
444,38697
322,38698
494,38699
321,38700
361,38701
474,38702
532,38703
301,38704
480,38705
419,38706
441,38707
438,38708
235,38709
489,38710
542,38711
113,38712
562,38713
300,38714
248,38715
562,38716
326,38717
362,38718
489,38719
440,38720
430,38721
362,38722
562,38723
235,38724
384,38725
384,38726
283,38727
248,38728
248,38729
362,38730
208,38731
415,38732
415,38733
415,38734
415,38735
470,38736
415,38737
305,38738
295,38739
577,38740
286,38741
244,38742
308,38743
450,38744
503,38745
343,38746
503,38747
447,38748
542,38749
441,38750
408,38751
384,38752
508,38753
187,38754
187,38755
187,38756
187,38757
187,38758
187,38759
159,38760
559,38761
599,38762
456,38763
456,38764
273,38765
273,38766
240,38767
123,38768
515,38769
321,38770
321,38771
321,38772
344,38773
235,38774
435,38775
235,38776
235,38777
548,38778
563,38779
459,38780
122,38781
280,38782
280,38783
280,38784
158,38785
248,38786
384,38787
126,38788
116,38789
171,38790
171,38791
463,38792
122,38793
122,38794
453,38795
451,38796
235,38797
116,38798
489,38799
131,38800
238,38801
531,38802
268,38803
187,38804
183,38805
489,38806
489,38807
224,38808
235,38809
310,38810
300,38811
305,38812
599,38813
599,38814
599,38815
310,38816
132,38817
563,38818
562,38819
135,38820
196,38821
196,38822
515,38823
580,38824
432,38825
235,38826
349,38827
489,38828
235,38829
197,38830
279,38831
494,38832
152,38833
489,38834
362,38835
415,38836
415,38837
415,38838
415,38839
562,38840
451,38841
156,38842
451,38843
489,38844
208,38845
384,38846
103,38847
544,38848
515,38849
515,38850
321,38851
301,38852
517,38853
515,38854
103,38855
110,38856
110,38857
110,38858
515,38859
489,38860
563,38861
563,38862
563,38863
300,38864
505,38865
302,38866
439,38867
249,38868
148,38869
435,38870
435,38871
507,38872
507,38873
451,38874
328,38875
449,38876
489,38877
202,38878
369,38879
369,38880
301,38881
300,38882
137,38883
294,38884
294,38885
294,38886
537,38887
599,38888
517,38889
436,38890
116,38891
282,38892
282,38893
127,38894
187,38895
232,38896
232,38897
179,38898
156,38899
451,38900
310,38901
327,38902
353,38903
135,38904
135,38905
152,38906
384,38907
557,38908
235,38909
575,38910
213,38911
562,38912
305,38913
454,38914
494,38915
187,38916
494,38917
480,38918
236,38919
112,38920
301,38921
489,38922
235,38923
489,38924
489,38925
489,38926
517,38927
538,38928
538,38929
538,38930
538,38931
538,38932
111,38933
383,38934
443,38935
247,38936
435,38937
244,38938
244,38939
425,38940
425,38941
563,38942
385,38943
187,38944
435,38945
508,38946
232,38947
494,38948
562,38949
135,38950
232,38951
361,38952
435,38953
335,38954
338,38955
321,38956
321,38957
385,38958
116,38959
504,38960
392,38961
496,38962
174,38963
171,38964
489,38965
355,38966
220,38967
362,38968
289,38969
114,38970
114,38971
114,38972
114,38973
114,38974
114,38975
114,38976
110,38977
114,38978
504,38979
489,38980
419,38981
419,38982
419,38983
419,38984
419,38985
419,38986
419,38987
419,38988
419,38989
419,38990
419,38991
419,38992
419,38993
419,38994
419,38995
419,38996
419,38997
419,38998
419,38999
419,39000
419,39001
419,39002
419,39003
419,39004
419,39005
419,39006
419,39007
419,39008
419,39009
419,39010
419,39011
419,39012
419,39013
419,39014
419,39015
419,39016
419,39017
419,39018
419,39019
419,39020
419,39021
419,39022
419,39023
419,39024
419,39025
419,39026
419,39027
419,39028
419,39029
222,39030
222,39031
419,39032
556,39033
356,39034
505,39035
472,39036
563,39037
235,39038
435,39039
563,39040
235,39041
594,39042
362,39043
489,39044
354,39045
251,39046
505,39047
445,39048
335,39049
335,39050
233,39051
111,39052
312,39053
299,39054
596,39055
425,39056
242,39057
254,39058
441,39059
441,39060
145,39061
441,39062
361,39063
361,39064
361,39065
494,39066
305,39067
236,39068
208,39069
310,39070
538,39071
538,39072
399,39073
362,39074
562,39075
516,39076
247,39077
361,39078
508,39079
370,39080
258,39081
298,39082
371,39083
361,39084
451,39085
371,39086
371,39087
371,39088
371,39089
292,39090
562,39091
562,39092
562,39093
228,39094
304,39095
281,39096
494,39097
563,39098
550,39099
489,39100
221,39101
305,39102
137,39103
211,39104
507,39105
180,39106
410,39107
304,39108
451,39109
505,39110
122,39111
343,39112
304,39113
562,39114
489,39115
273,39116
395,39117
567,39118
305,39119
465,39120
415,39121
415,39122
415,39123
488,39124
488,39125
505,39126
299,39127
299,39128
299,39129
299,39130
586,39131
494,39132
133,39133
327,39134
470,39135
557,39136
301,39137
505,39138
563,39139
460,39140
508,39141
508,39142
508,39143
168,39144
260,39145
248,39146
563,39147
280,39148
489,39149
505,39150
494,39151
563,39152
305,39153
255,39154
116,39155
570,39156
563,39157
443,39158
462,39159
171,39160
388,39161
242,39162
505,39163
300,39164
403,39165
489,39166
113,39167
215,39168
127,39169
235,39170
562,39171
562,39172
384,39173
404,39174
318,39175
336,39176
135,39177
170,39178
218,39179
435,39180
133,39181
242,39182
542,39183
480,39184
451,39185
542,39186
451,39187
451,39188
127,39189
288,39190
384,39191
384,39192
492,39193
419,39194
135,39195
489,39196
235,39197
110,39198
110,39199
457,39200
252,39201
384,39202
165,39203
465,39204
494,39205
575,39206
447,39207
489,39208
599,39209
135,39210
349,39211
563,39212
197,39213
235,39214
458,39215
498,39216
392,39217
232,39218
367,39219
235,39220
505,39221
232,39222
489,39223
392,39224
392,39225
367,39226
337,39227
242,39228
242,39229
242,39230
131,39231
312,39232
489,39233
515,39234
562,39235
367,39236
312,39237
107,39238
562,39239
201,39240
580,39241
573,39242
503,39243
538,39244
466,39245
435,39246
232,39247
435,39248
435,39249
435,39250
563,39251
435,39252
474,39253
542,39254
310,39255
171,39256
200,39257
302,39258
302,39259
580,39260
235,39261
208,39262
208,39263
540,39264
435,39265
283,39266
435,39267
141,39268
474,39269
110,39270
514,39271
273,39272
343,39273
445,39274
235,39275
145,39276
563,39277
260,39278
306,39279
488,39280
208,39281
154,39282
294,39283
503,39284
488,39285
488,39286
135,39287
127,39288
321,39289
496,39290
435,39291
362,39292
410,39293
469,39294
416,39295
416,39296
416,39297
300,39298
111,39299
489,39300
489,39301
503,39302
142,39303
576,39304
580,39305
451,39306
295,39307
383,39308
388,39309
384,39310
135,39311
353,39312
481,39313
355,39314
535,39315
480,39316
415,39317
415,39318
415,39319
415,39320
415,39321
415,39322
308,39323
301,39324
480,39325
116,39326
116,39327
586,39328
257,39329
257,39330
420,39331
539,39332
222,39333
556,39334
248,39335
444,39336
489,39337
118,39338
389,39339
304,39340
310,39341
528,39342
489,39343
235,39344
305,39345
302,39346
229,39347
490,39348
327,39349
470,39350
563,39351
484,39352
386,39353
524,39354
282,39355
489,39356
489,39357
563,39358
116,39359
300,39360
435,39361
286,39362
321,39363
489,39364
